Tags,Subcategory,Sub-area,SFIA_Code,Level,Skill,Capability_ID,Capability_Description,Evidence_Type,Evidence_Metric,What it covers
"SOFTWARE, ARCH",Systems development,Design and architecture,DESN,2,Systems design,DESN_2_01,Apply defined system architecture standards and patterns,Architecture Task,% compliance with standards,"Defining overall system structure, components, interfaces, and constraints to meet business and technical requirements"
"SOFTWARE, ARCH",Systems development,Design and architecture,DESN,2,Systems design,DESN_2_02,"Document system components, interfaces, and constraints",Documentation Task,Completeness & clarity score,"Defining overall system structure, components, interfaces, and constraints to meet business and technical requirements"
"SOFTWARE, ARCH",Systems development,Design and architecture,DESN,3,Systems design,DESN_3_01,Design system components for well-defined problems,Design Task,Accuracy to requirements (%),"Defining overall system structure, components, interfaces, and constraints to meet business and technical requirements"
"SOFTWARE, ARCH",Systems development,Design and architecture,DESN,3,Systems design,DESN_3_02,Analyse design constraints and assumptions,Analysis Task,Number of constraints correctly identified,"Defining overall system structure, components, interfaces, and constraints to meet business and technical requirements"
"SOFTWARE, ARCH",Systems development,Design and architecture,DESN,3,Systems design,DESN_3_03,Contribute to system-level design decisions,Meeting / Design Log,Contributions adopted (%),"Defining overall system structure, components, interfaces, and constraints to meet business and technical requirements"
"SOFTWARE, ARCH",Systems development,Design and architecture,DESN,4,Systems design,DESN_4_01,Design end-to-end system architectures,Architecture Task,Review score / % of components mapped,"Defining overall system structure, components, interfaces, and constraints to meet business and technical requirements"
"SOFTWARE, ARCH",Systems development,Design and architecture,DESN,4,Systems design,DESN_4_02,Balance functional and non-functional requirements,Design Specification,% requirements addressed,"Defining overall system structure, components, interfaces, and constraints to meet business and technical requirements"
"SOFTWARE, ARCH",Systems development,Design and architecture,DESN,4,Systems design,DESN_4_03,Evaluate architectural risks and trade-offs,Risk Assessment,Number of risks mitigated correctly,"Defining overall system structure, components, interfaces, and constraints to meet business and technical requirements"
"SOFTWARE, ARCH",Systems development,Design and architecture,DESN,5,Systems design,DESN_5_01,Lead architecture design for complex systems,Leadership Task,Stakeholder approval rate (%),"Defining overall system structure, components, interfaces, and constraints to meet business and technical requirements"
"SOFTWARE, ARCH",Systems development,Design and architecture,DESN,5,Systems design,DESN_5_02,Define integration approaches across subsystems,Integration Plan,Successful integrations / total planned,"Defining overall system structure, components, interfaces, and constraints to meet business and technical requirements"
"SOFTWARE, ARCH",Systems development,Design and architecture,DESN,5,Systems design,DESN_5_03,Guide architecture decisions across teams,Advisory / Meeting Log,Adoption rate of guidance (%),"Defining overall system structure, components, interfaces, and constraints to meet business and technical requirements"
"SOFTWARE, ARCH",Systems development,Design and architecture,DESN,6,Systems design,DESN_6_01,Establish enterprise-wide architecture principles,Enterprise Architecture Task,Adoption across systems (%),"Defining overall system structure, components, interfaces, and constraints to meet business and technical requirements"
"SOFTWARE, ARCH",Systems development,Design and architecture,DESN,6,Systems design,DESN_6_02,Define long-term system architecture strategy,Strategic Plan,Executive review approval (%),"Defining overall system structure, components, interfaces, and constraints to meet business and technical requirements"
SOFTWARE,Systems development,Design and architecture,SWDN,2,Software design,SWDN_2_01,Produce detailed designs for small software components,Design Task,% accuracy against requirements,"Designing software components, modules, data structures, and interactions before implementation"
SOFTWARE,Systems development,Design and architecture,SWDN,2,Software design,SWDN_2_02,Translate requirements into design artefacts,Documentation Task,Completeness & clarity of artefacts,"Designing software components, modules, data structures, and interactions before implementation"
SOFTWARE,Systems development,Design and architecture,SWDN,3,Software design,SWDN_3_01,Design application modules and data structures,Design Task,Correctness and adherence to spec (%),"Designing software components, modules, data structures, and interactions before implementation"
SOFTWARE,Systems development,Design and architecture,SWDN,3,Software design,SWDN_3_02,Define component interfaces and interactions,Design Task,Interfaces correctly defined / total,"Designing software components, modules, data structures, and interactions before implementation"
SOFTWARE,Systems development,Design and architecture,SWDN,3,Software design,SWDN_3_03,Apply design patterns appropriately,Design Review,Patterns correctly applied (%),"Designing software components, modules, data structures, and interactions before implementation"
SOFTWARE,Systems development,Design and architecture,SWDN,4,Software design,SWDN_4_01,Design complete software solutions,Architecture Task,Solution completeness & integration review score,"Designing software components, modules, data structures, and interactions before implementation"
SOFTWARE,Systems development,Design and architecture,SWDN,4,Software design,SWDN_4_02,"Ensure designs meet quality, security, and scalability needs",Design Review,# of requirements met / total,"Designing software components, modules, data structures, and interactions before implementation"
SOFTWARE,Systems development,Design and architecture,SWDN,4,Software design,SWDN_4_03,Validate designs against implementation constraints,Validation Task,Number of constraints correctly addressed,"Designing software components, modules, data structures, and interactions before implementation"
SOFTWARE,Systems development,Design and architecture,SWDN,5,Software design,SWDN_5_01,Lead software design across multiple systems,Leadership Task,Stakeholder approval rate (%),"Designing software components, modules, data structures, and interactions before implementation"
SOFTWARE,Systems development,Design and architecture,SWDN,5,Software design,SWDN_5_02,Align software design with business objectives,Strategic Task,% of designs aligned with business goals,"Designing software components, modules, data structures, and interactions before implementation"
SOFTWARE,Systems development,Design and architecture,SWDN,6,Software design,SWDN_6_01,Define organisational software design standards,Governance Task,Adoption of standards across teams (%),"Designing software components, modules, data structures, and interactions before implementation"
SOFTWARE,Systems development,Design and architecture,SWDN,6,Software design,SWDN_6_02,Govern software architecture consistency,Review / Audit,Number of systems compliant with standards,"Designing software components, modules, data structures, and interactions before implementation"
"INFRA, NETWORK",Systems development,Design and architecture,NTDS,2,Network design,NTDS_2_01,Assist in designing network configurations,Configuration Task,Accuracy of configuration against template (%),"Designing network topologies, protocols, capacity, and connectivity to support system requirements"
"INFRA, NETWORK",Systems development,Design and architecture,NTDS,2,Network design,NTDS_2_02,Apply standard network design templates,Design Task,Correct application of templates (# correct / total),"Designing network topologies, protocols, capacity, and connectivity to support system requirements"
"INFRA, NETWORK",Systems development,Design and architecture,NTDS,3,Network design,NTDS_3_01,Design network topologies to meet capacity needs,Topology Design,% of capacity requirements met,"Designing network topologies, protocols, capacity, and connectivity to support system requirements"
"INFRA, NETWORK",Systems development,Design and architecture,NTDS,3,Network design,NTDS_3_02,Select appropriate network protocols,Design Task,Correct protocol selection (%),"Designing network topologies, protocols, capacity, and connectivity to support system requirements"
"INFRA, NETWORK",Systems development,Design and architecture,NTDS,3,Network design,NTDS_3_03,Address basic network security requirements,Security Task,# of security controls correctly applied,"Designing network topologies, protocols, capacity, and connectivity to support system requirements"
"INFRA, NETWORK",Systems development,Design and architecture,NTDS,4,Network design,NTDS_4_01,Design resilient and secure network architectures,Architecture Task,Review score on resilience & security,"Designing network topologies, protocols, capacity, and connectivity to support system requirements"
"INFRA, NETWORK",Systems development,Design and architecture,NTDS,4,Network design,NTDS_4_02,Evaluate network performance and risks,Performance / Risk Assessment,% of performance targets met; risks mitigated,"Designing network topologies, protocols, capacity, and connectivity to support system requirements"
"INFRA, NETWORK",Systems development,Design and architecture,NTDS,5,Network design,NTDS_5_01,Lead network architecture design for complex environments,Leadership Task,Stakeholder approval rate (%),"Designing network topologies, protocols, capacity, and connectivity to support system requirements"
"INFRA, NETWORK",Systems development,Design and architecture,NTDS,5,Network design,NTDS_5_02,Define network integration strategies,Integration Plan,Successful integrations / total planned,"Designing network topologies, protocols, capacity, and connectivity to support system requirements"
"INFRA, NETWORK",Systems development,Design and architecture,NTDS,6,Network design,NTDS_6_01,Set strategic network architecture direction,Strategic Plan,Executive approval; alignment with organisational goals (%),"Designing network topologies, protocols, capacity, and connectivity to support system requirements"
"INFRA, NETWORK",Systems development,Design and architecture,NTDS,6,Network design,NTDS_6_02,Define organisational network standards,Governance Task,Adoption rate of standards across systems (%),"Designing network topologies, protocols, capacity, and connectivity to support system requirements"
"INFRA, CLOUD",Systems development,Design and architecture,IFDN,2,Infrastructure design,IFDN_2_01,Design infrastructure components using standard patterns,Design Task,% compliance with infrastructure patterns,"Designing compute, storage, and platform infrastructure (on-prem or cloud)"
"INFRA, CLOUD",Systems development,Design and architecture,IFDN,2,Infrastructure design,IFDN_2_02,Document infrastructure configurations,Documentation Task,Completeness & clarity of configuration docs,"Designing compute, storage, and platform infrastructure (on-prem or cloud)"
"INFRA, CLOUD",Systems development,Design and architecture,IFDN,3,Infrastructure design,IFDN_3_01,Design infrastructure solutions across environments,Architecture Task,Accuracy of design across environments (%),"Designing compute, storage, and platform infrastructure (on-prem or cloud)"
"INFRA, CLOUD",Systems development,Design and architecture,IFDN,3,Infrastructure design,IFDN_3_02,"Select compute, storage, and platform services",Design Task,Correct selection of services (# correct / total),"Designing compute, storage, and platform infrastructure (on-prem or cloud)"
"INFRA, CLOUD",Systems development,Design and architecture,IFDN,4,Infrastructure design,IFDN_4_01,Design scalable and secure infrastructure architectures,Architecture Task,Review score on scalability & security,"Designing compute, storage, and platform infrastructure (on-prem or cloud)"
"INFRA, CLOUD",Systems development,Design and architecture,IFDN,4,Infrastructure design,IFDN_4_02,Optimise infrastructure for cost and resilience,Optimization Task,Cost reduction % and resilience score,"Designing compute, storage, and platform infrastructure (on-prem or cloud)"
"INFRA, CLOUD",Systems development,Design and architecture,IFDN,5,Infrastructure design,IFDN_5_01,Lead infrastructure architecture for complex systems,Leadership Task,Stakeholder approval rate (%),"Designing compute, storage, and platform infrastructure (on-prem or cloud)"
"INFRA, CLOUD",Systems development,Design and architecture,IFDN,5,Infrastructure design,IFDN_5_02,Define cloud and platform strategies,Strategic Plan,Adoption of strategy across systems (%),"Designing compute, storage, and platform infrastructure (on-prem or cloud)"
"INFRA, CLOUD",Systems development,Design and architecture,IFDN,6,Infrastructure design,IFDN_6_01,Define enterprise infrastructure architecture vision,Strategic Plan,Alignment with organisational goals (%),"Designing compute, storage, and platform infrastructure (on-prem or cloud)"
"INFRA, CLOUD",Systems development,Design and architecture,IFDN,6,Infrastructure design,IFDN_6_02,Govern infrastructure standards and roadmap,Governance Task,Adoption of standards and roadmap compliance (%),"Designing compute, storage, and platform infrastructure (on-prem or cloud)"
SOFTWARE,Systems development,Development and build,PROG,2,Programming / software development,PROG_2_01,Implement program logic using control structures,Coding Task,% correct on automated test,"Writing, testing, and maintaining application code using appropriate languages and frameworks"
SOFTWARE,Systems development,Development and build,PROG,2,Programming / software development,PROG_2_02,Debug and resolve straightforward code-level errors,Coding Task,Number of bugs fixed correctly,"Writing, testing, and maintaining application code using appropriate languages and frameworks"
SOFTWARE,Systems development,Development and build,PROG,3,Programming / software development,PROG_3_01,Develop modular software components,Coding Task,Correctness and adherence to spec (%),"Writing, testing, and maintaining application code using appropriate languages and frameworks"
SOFTWARE,Systems development,Development and build,PROG,3,Programming / software development,PROG_3_02,Use debugging tools and tests to resolve issues,Debugging Task,# issues resolved using tools,"Writing, testing, and maintaining application code using appropriate languages and frameworks"
SOFTWARE,Systems development,Development and build,PROG,3,Programming / software development,PROG_3_03,Follow coding standards and version control practices,Code Review,% adherence to coding standards,"Writing, testing, and maintaining application code using appropriate languages and frameworks"
SOFTWARE,Systems development,Development and build,PROG,4,Programming / software development,PROG_4_01,Implement complex application features,Coding Task,Feature completeness & correctness (%),"Writing, testing, and maintaining application code using appropriate languages and frameworks"
SOFTWARE,Systems development,Development and build,PROG,4,Programming / software development,PROG_4_02,Refactor code to improve performance and maintainability,Refactoring Task,Performance improvement %; maintainability rating,"Writing, testing, and maintaining application code using appropriate languages and frameworks"
SOFTWARE,Systems development,Development and build,PROG,4,Programming / software development,PROG_4_03,Review and improve code quality,Code Review,Code quality score from peer review,"Writing, testing, and maintaining application code using appropriate languages and frameworks"
SOFTWARE,Systems development,Development and build,PROG,5,Programming / software development,PROG_5_01,Lead implementation of critical software components,Leadership Task,Stakeholder approval rate (%),"Writing, testing, and maintaining application code using appropriate languages and frameworks"
SOFTWARE,Systems development,Development and build,PROG,5,Programming / software development,PROG_5_02,Resolve systemic and architectural code issues,Debugging & Design Task,% critical issues resolved successfully,"Writing, testing, and maintaining application code using appropriate languages and frameworks"
SOFTWARE,Systems development,Development and build,PROG,6,Programming / software development,PROG_6_01,Set organisational programming standards,Governance Task,Adoption of standards across teams (%),"Writing, testing, and maintaining application code using appropriate languages and frameworks"
SOFTWARE,Systems development,Development and build,PROG,6,Programming / software development,PROG_6_02,Define long-term technical direction,Strategic Task,Alignment with organisational goals (%),"Writing, testing, and maintaining application code using appropriate languages and frameworks"
"SOFTWARE, INFRA",Systems development,Development and build,SINT,2,Systems integration and build,SINT_2_01,Assist with integrating system components,Integration Task,% of components successfully integrated,"Integrating hardware, software, and subsystems into a functioning whole and managing builds"
"SOFTWARE, INFRA",Systems development,Development and build,SINT,2,Systems integration and build,SINT_2_02,Follow defined build and integration procedures,Process Task,Compliance with defined procedures (%),"Integrating hardware, software, and subsystems into a functioning whole and managing builds"
"SOFTWARE, INFRA",Systems development,Development and build,SINT,3,Systems integration and build,SINT_3_01,Integrate hardware and software subsystems,Integration Task,Number of subsystems successfully integrated,"Integrating hardware, software, and subsystems into a functioning whole and managing builds"
"SOFTWARE, INFRA",Systems development,Development and build,SINT,3,Systems integration and build,SINT_3_02,Diagnose and resolve integration issues,Debugging Task,# of integration issues resolved correctly,"Integrating hardware, software, and subsystems into a functioning whole and managing builds"
"SOFTWARE, INFRA",Systems development,Development and build,SINT,4,Systems integration and build,SINT_4_01,Manage integration of complex systems,Management Task,Integration success rate (%),"Integrating hardware, software, and subsystems into a functioning whole and managing builds"
"SOFTWARE, INFRA",Systems development,Development and build,SINT,4,Systems integration and build,SINT_4_02,Coordinate system builds and deployments,Coordination Task,% on-time and error-free builds/deployments,"Integrating hardware, software, and subsystems into a functioning whole and managing builds"
"SOFTWARE, INFRA",Systems development,Development and build,SINT,5,Systems integration and build,SINT_5_01,Lead system integration strategy,Leadership Task,Stakeholder approval rate (%),"Integrating hardware, software, and subsystems into a functioning whole and managing builds"
"SOFTWARE, INFRA",Systems development,Development and build,SINT,5,Systems integration and build,SINT_5_02,Resolve cross-system dependencies,Problem Solving Task,% dependencies resolved without impacting delivery,"Integrating hardware, software, and subsystems into a functioning whole and managing builds"
"SOFTWARE, INFRA",Systems development,Development and build,SINT,6,Systems integration and build,SINT_6_01,Define enterprise integration frameworks,Strategic Task,Adoption rate of frameworks across systems (%),"Integrating hardware, software, and subsystems into a functioning whole and managing builds"
"SOFTWARE, INFRA",Systems development,Development and build,SINT,6,Systems integration and build,SINT_6_02,Govern system integration standards,Governance Task,Compliance with integration standards (%),"Integrating hardware, software, and subsystems into a functioning whole and managing builds"
"SOFTWARE, DEVOPS",Systems development,Development and build,PORT,2,Software configuration,PORT_2_01,Maintain software versions and configuration records,Configuration Task,% completeness and accuracy of version records,"Managing software versions, configurations, environments, and deployment readiness"
"SOFTWARE, DEVOPS",Systems development,Development and build,PORT,2,Software configuration,PORT_2_02,Follow release and deployment procedures,Process Task,% adherence to release procedures,"Managing software versions, configurations, environments, and deployment readiness"
"SOFTWARE, DEVOPS",Systems development,Development and build,PORT,3,Software configuration,PORT_3_01,Manage builds and environments,Build Task,% of successful builds without errors,"Managing software versions, configurations, environments, and deployment readiness"
"SOFTWARE, DEVOPS",Systems development,Development and build,PORT,3,Software configuration,PORT_3_02,Prepare software for release,Release Task,% of releases meeting readiness criteria,"Managing software versions, configurations, environments, and deployment readiness"
"SOFTWARE, DEVOPS",Systems development,Development and build,PORT,4,Software configuration,PORT_4_01,Define configuration management practices,Process Design,Review score / completeness of CM practices,"Managing software versions, configurations, environments, and deployment readiness"
"SOFTWARE, DEVOPS",Systems development,Development and build,PORT,4,Software configuration,PORT_4_02,Ensure deployment readiness,Validation Task,% deployments ready without issues,"Managing software versions, configurations, environments, and deployment readiness"
"SOFTWARE, DEVOPS",Systems development,Development and build,PORT,5,Software configuration,PORT_5_01,Lead release management across systems,Leadership Task,Stakeholder approval rate (%),"Managing software versions, configurations, environments, and deployment readiness"
"SOFTWARE, DEVOPS",Systems development,Development and build,PORT,5,Software configuration,PORT_5_02,Coordinate multi-environment deployments,Coordination Task,% of deployments successfully coordinated,"Managing software versions, configurations, environments, and deployment readiness"
"SOFTWARE, DEVOPS",Systems development,Development and build,PORT,6,Software configuration,PORT_6_01,Define organisational release strategy,Strategic Task,Adoption rate of strategy across systems (%),"Managing software versions, configurations, environments, and deployment readiness"
"SOFTWARE, DEVOPS",Systems development,Development and build,PORT,6,Software configuration,PORT_6_02,Govern configuration and deployment standards,Governance Task,Compliance with standards (%),"Managing software versions, configurations, environments, and deployment readiness"
EMBEDDED,Systems development,Development and build,RESD,2,Real-time / embedded systems development,RESD_2_01,Develop basic embedded or real-time code,Coding Task,% correct execution on hardware tests,Developing time-critical and resource-constrained systems such as IoT and control systems
EMBEDDED,Systems development,Development and build,RESD,2,Real-time / embedded systems development,RESD_2_02,Interface with hardware peripherals,Integration Task,% successful peripheral connections,Developing time-critical and resource-constrained systems such as IoT and control systems
EMBEDDED,Systems development,Development and build,RESD,3,Real-time / embedded systems development,RESD_3_01,Develop embedded systems under timing and resource constraints,Development Task,Meeting timing/resource constraints (%),Developing time-critical and resource-constrained systems such as IoT and control systems
EMBEDDED,Systems development,Development and build,RESD,3,Real-time / embedded systems development,RESD_3_02,Debug embedded and real-time issues,Debugging Task,# of issues resolved correctly,Developing time-critical and resource-constrained systems such as IoT and control systems
EMBEDDED,Systems development,Development and build,RESD,4,Real-time / embedded systems development,RESD_4_01,Design and implement complex embedded solutions,Design & Coding Task,Correctness and completeness of implementation (%),Developing time-critical and resource-constrained systems such as IoT and control systems
EMBEDDED,Systems development,Development and build,RESD,4,Real-time / embedded systems development,RESD_4_02,Optimise real-time performance,Optimization Task,Performance improvement %,Developing time-critical and resource-constrained systems such as IoT and control systems
EMBEDDED,Systems development,Development and build,RESD,5,Real-time / embedded systems development,RESD_5_01,Lead embedded development for critical systems,Leadership Task,Stakeholder approval rate (%),Developing time-critical and resource-constrained systems such as IoT and control systems
EMBEDDED,Systems development,Development and build,RESD,5,Real-time / embedded systems development,RESD_5_02,Ensure reliability and safety compliance,Validation Task,Compliance with safety standards (%),Developing time-critical and resource-constrained systems such as IoT and control systems
EMBEDDED,Systems development,Development and build,RESD,6,Real-time / embedded systems development,RESD_6_01,Define embedded systems engineering standards,Governance Task,Adoption of engineering standards across teams (%),Developing time-critical and resource-constrained systems such as IoT and control systems
"UIUX, MEDIA",Systems development,Development and build,ADEV,2,Animation development,ADEV_2_01,Develop basic animations and interactive elements,Development Task,% of elements functioning correctly,"Developing animations and interactive visual components for applications, games, or simulations"
"UIUX, MEDIA",Systems development,Development and build,ADEV,2,Animation development,ADEV_2_02,Use animation tools and frameworks,Practical Task,Proficiency in selected tools (%),"Developing animations and interactive visual components for applications, games, or simulations"
"UIUX, MEDIA",Systems development,Development and build,ADEV,3,Animation development,ADEV_3_01,Develop interactive visual components,Development Task,% of components correctly integrated,"Developing animations and interactive visual components for applications, games, or simulations"
"UIUX, MEDIA",Systems development,Development and build,ADEV,3,Animation development,ADEV_3_02,Integrate animations into applications,Integration Task,% of animations functioning in app,"Developing animations and interactive visual components for applications, games, or simulations"
"UIUX, MEDIA",Systems development,Development and build,ADEV,4,Animation development,ADEV_4_01,Design and implement complex interactive systems,Design & Development Task,Completeness & functionality score (%),"Developing animations and interactive visual components for applications, games, or simulations"
"UIUX, MEDIA",Systems development,Development and build,ADEV,4,Animation development,ADEV_4_02,Optimise visual performance and usability,Optimization Task,Performance improvement %; usability rating,"Developing animations and interactive visual components for applications, games, or simulations"
"UIUX, MEDIA",Systems development,Development and build,ADEV,5,Animation development,ADEV_5_01,Lead interactive and visual development initiatives,Leadership Task,Stakeholder approval rate (%),"Developing animations and interactive visual components for applications, games, or simulations"
"UIUX, MEDIA",Systems development,Development and build,ADEV,6,Animation development,ADEV_6_01,Define organisational standards for interactive and visual development,Governance Task,Adoption of standards across teams (%),"Developing animations and interactive visual components for applications, games, or simulations"
"SOFTWARE, QA",Systems development,Testing and quality assurance,TEST,1,Functional testing,TEST_1_01,Execute predefined test cases,Test Execution,% of test cases executed correctly,Verifying that system functions behave as specified according to requirements
"SOFTWARE, QA",Systems development,Testing and quality assurance,TEST,1,Functional testing,TEST_1_02,Record test results and observed defects,Test Report,Completeness and accuracy of test logs,Verifying that system functions behave as specified according to requirements
"SOFTWARE, QA",Systems development,Testing and quality assurance,TEST,2,Functional testing,TEST_2_01,Design basic functional test cases from requirements,Test Design,% of test cases correctly derived from requirements,Verifying that system functions behave as specified according to requirements
"SOFTWARE, QA",Systems development,Testing and quality assurance,TEST,2,Functional testing,TEST_2_02,Verify system behaviour against expected outcomes,Test Execution,% of test outcomes matching expected results,Verifying that system functions behave as specified according to requirements
"SOFTWARE, QA",Systems development,Testing and quality assurance,TEST,3,Functional testing,TEST_3_01,Design functional test scenarios covering edge cases,Test Design,Coverage of edge cases (%),Verifying that system functions behave as specified according to requirements
"SOFTWARE, QA",Systems development,Testing and quality assurance,TEST,3,Functional testing,TEST_3_02,Analyse defects and support root cause identification,Analysis Task,# of defects correctly analysed,Verifying that system functions behave as specified according to requirements
"SOFTWARE, QA",Systems development,Testing and quality assurance,TEST,4,Functional testing,TEST_4_01,Plan and manage functional testing activities,Management Task,% of testing milestones met,Verifying that system functions behave as specified according to requirements
"SOFTWARE, QA",Systems development,Testing and quality assurance,TEST,4,Functional testing,TEST_4_02,Ensure test coverage aligns with system requirements,Review Task,% of requirements covered by tests,Verifying that system functions behave as specified according to requirements
"SOFTWARE, QA",Systems development,Testing and quality assurance,TEST,5,Functional testing,TEST_5_01,Lead functional testing strategy across systems,Leadership Task,Stakeholder approval rate (%),Verifying that system functions behave as specified according to requirements
"SOFTWARE, QA",Systems development,Testing and quality assurance,TEST,5,Functional testing,TEST_5_02,Define testing standards and quality metrics,Governance Task,Adoption rate of standards & metrics (%),Verifying that system functions behave as specified according to requirements
"SOFTWARE, QA",Systems development,Testing and quality assurance,TEST,6,Functional testing,TEST_6_01,Establish organisational functional testing governance,Governance Task,Compliance with organisational standards (%),Verifying that system functions behave as specified according to requirements
"SOFTWARE, QA",Systems development,Testing and quality assurance,TEST,6,Functional testing,TEST_6_02,Drive continuous improvement in testing practices,Strategic Task,% improvement in testing efficiency and effectiveness,Verifying that system functions behave as specified according to requirements
"SOFTWARE, QA",Systems development,Testing and quality assurance,NFTS,1,Non-functional testing,NFTS_1_01,Execute predefined non-functional tests,Test Execution,% of non-functional tests executed correctly,"Testing performance, security, usability, scalability, and reliability"
"SOFTWARE, QA",Systems development,Testing and quality assurance,NFTS,1,Non-functional testing,NFTS_1_02,Collect performance and reliability test data,Test Report,Completeness and accuracy of collected data,"Testing performance, security, usability, scalability, and reliability"
"SOFTWARE, QA",Systems development,Testing and quality assurance,NFTS,2,Non-functional testing,NFTS_2_01,Conduct basic performance and usability testing,Test Execution,% of performance/usability criteria tested,"Testing performance, security, usability, scalability, and reliability"
"SOFTWARE, QA",Systems development,Testing and quality assurance,NFTS,2,Non-functional testing,NFTS_2_02,Identify non-functional defects,Analysis Task,# of defects correctly identified,"Testing performance, security, usability, scalability, and reliability"
"SOFTWARE, QA",Systems development,Testing and quality assurance,NFTS,3,Non-functional testing,NFTS_3_01,Design non-functional test scenarios,Test Design,"Coverage of performance, security, reliability scenarios (%)","Testing performance, security, usability, scalability, and reliability"
"SOFTWARE, QA",Systems development,Testing and quality assurance,NFTS,3,Non-functional testing,NFTS_3_02,"Analyse performance, security, and reliability results",Analysis Task,% of issues correctly analysed,"Testing performance, security, usability, scalability, and reliability"
"SOFTWARE, QA",Systems development,Testing and quality assurance,NFTS,4,Non-functional testing,NFTS_4_01,Plan and manage non-functional testing activities,Management Task,% of activities completed on schedule,"Testing performance, security, usability, scalability, and reliability"
"SOFTWARE, QA",Systems development,Testing and quality assurance,NFTS,4,Non-functional testing,NFTS_4_02,Evaluate system quality attributes against targets,Review Task,% of quality attributes meeting targets,"Testing performance, security, usability, scalability, and reliability"
"SOFTWARE, QA",Systems development,Testing and quality assurance,NFTS,5,Non-functional testing,NFTS_5_01,Lead non-functional testing strategy,Leadership Task,Stakeholder approval rate (%),"Testing performance, security, usability, scalability, and reliability"
"SOFTWARE, QA",Systems development,Testing and quality assurance,NFTS,5,Non-functional testing,NFTS_5_02,"Define performance, security, and reliability benchmarks",Governance Task,% adoption of benchmarks across systems,"Testing performance, security, usability, scalability, and reliability"
"SOFTWARE, QA",Systems development,Testing and quality assurance,NFTS,6,Non-functional testing,NFTS_6_01,Establish organisational non-functional testing standards,Governance Task,Compliance with organisational standards (%),"Testing performance, security, usability, scalability, and reliability"
"SOFTWARE, QA",Systems development,Testing and quality assurance,NFTS,6,Non-functional testing,NFTS_6_02,Govern quality attribute assurance across systems,Governance Task,% of systems meeting QA targets,"Testing performance, security, usability, scalability, and reliability"
"SOFTWARE, QA",Systems development,Testing and quality assurance,PRTS,1,Process testing,PRTS_1_01,Follow defined development and operational processes,Process Task,% compliance with defined processes,Validating development and operational processes against standards and regulations
"SOFTWARE, QA",Systems development,Testing and quality assurance,PRTS,1,Process testing,PRTS_1_02,Record process compliance evidence,Documentation Task,Completeness and accuracy of process records,Validating development and operational processes against standards and regulations
"SOFTWARE, QA",Systems development,Testing and quality assurance,PRTS,2,Process testing,PRTS_2_01,Verify adherence to documented processes,Audit Task,% of adherence correctly verified,Validating development and operational processes against standards and regulations
"SOFTWARE, QA",Systems development,Testing and quality assurance,PRTS,2,Process testing,PRTS_2_02,Identify basic process deviations,Analysis Task,# of deviations correctly identified,Validating development and operational processes against standards and regulations
"SOFTWARE, QA",Systems development,Testing and quality assurance,PRTS,3,Process testing,PRTS_3_01,Conduct process audits against standards,Audit Task,% of audit findings addressed,Validating development and operational processes against standards and regulations
"SOFTWARE, QA",Systems development,Testing and quality assurance,PRTS,3,Process testing,PRTS_3_02,Analyse process compliance issues,Analysis Task,# of issues correctly analysed,Validating development and operational processes against standards and regulations
"SOFTWARE, QA",Systems development,Testing and quality assurance,PRTS,4,Process testing,PRTS_4_01,Plan and manage process assurance activities,Management Task,% of activities completed successfully,Validating development and operational processes against standards and regulations
"SOFTWARE, QA",Systems development,Testing and quality assurance,PRTS,4,Process testing,PRTS_4_02,Ensure regulatory and standard compliance,Review Task,Compliance rate (%),Validating development and operational processes against standards and regulations
"SOFTWARE, QA",Systems development,Testing and quality assurance,PRTS,5,Process testing,PRTS_5_01,Lead process and compliance assurance strategy,Leadership Task,Stakeholder approval rate (%),Validating development and operational processes against standards and regulations
"SOFTWARE, QA",Systems development,Testing and quality assurance,PRTS,5,Process testing,PRTS_5_02,Define process improvement initiatives,Strategic Task,% of initiatives implemented successfully,Validating development and operational processes against standards and regulations
"SOFTWARE, QA",Systems development,Testing and quality assurance,PRTS,6,Process testing,PRTS_6_01,Establish organisational process governance,Governance Task,Adoption rate of governance framework (%),Validating development and operational processes against standards and regulations
"SOFTWARE, QA",Systems development,Testing and quality assurance,PRTS,6,Process testing,PRTS_6_02,Influence compliance policy and standards,Strategic Task,% of policies influenced / adopted,Validating development and operational processes against standards and regulations
"SOFTWARE, MANAGEMENT",Systems development,"Lifecycle, safety, and governance",SLEN,3,Systems and software lifecycle engineering,SLEN_3_01,Apply defined lifecycle models in projects,Application Task,% correct application of lifecycle model,"Applying lifecycle models (e.g. Agile, DevOps, V-model) across development and deployment"
"SOFTWARE, MANAGEMENT",Systems development,"Lifecycle, safety, and governance",SLEN,3,Systems and software lifecycle engineering,SLEN_3_02,Support lifecycle activities across development stages,Support Task,# of activities completed correctly,"Applying lifecycle models (e.g. Agile, DevOps, V-model) across development and deployment"
"SOFTWARE, MANAGEMENT",Systems development,"Lifecycle, safety, and governance",SLEN,4,Systems and software lifecycle engineering,SLEN_4_01,Tailor lifecycle models to project needs,Design Task,Appropriateness of lifecycle tailoring (%),"Applying lifecycle models (e.g. Agile, DevOps, V-model) across development and deployment"
"SOFTWARE, MANAGEMENT",Systems development,"Lifecycle, safety, and governance",SLEN,4,Systems and software lifecycle engineering,SLEN_4_02,Coordinate lifecycle activities across teams,Coordination Task,% of activities successfully coordinated,"Applying lifecycle models (e.g. Agile, DevOps, V-model) across development and deployment"
"SOFTWARE, MANAGEMENT",Systems development,"Lifecycle, safety, and governance",SLEN,5,Systems and software lifecycle engineering,SLEN_5_01,"Lead adoption of lifecycle models (Agile, DevOps, V-model)",Leadership Task,Stakeholder adoption rate (%),"Applying lifecycle models (e.g. Agile, DevOps, V-model) across development and deployment"
"SOFTWARE, MANAGEMENT",Systems development,"Lifecycle, safety, and governance",SLEN,5,Systems and software lifecycle engineering,SLEN_5_02,Integrate lifecycle practices across delivery pipelines,Integration Task,% of pipelines using integrated practices,"Applying lifecycle models (e.g. Agile, DevOps, V-model) across development and deployment"
"SOFTWARE, MANAGEMENT",Systems development,"Lifecycle, safety, and governance",SLEN,6,Systems and software lifecycle engineering,SLEN_6_01,Define organisational lifecycle frameworks,Governance Task,Adoption rate of lifecycle frameworks (%),"Applying lifecycle models (e.g. Agile, DevOps, V-model) across development and deployment"
"SOFTWARE, MANAGEMENT",Systems development,"Lifecycle, safety, and governance",SLEN,6,Systems and software lifecycle engineering,SLEN_6_02,Optimise lifecycle practices for efficiency and quality,Optimization Task,% improvement in process efficiency,"Applying lifecycle models (e.g. Agile, DevOps, V-model) across development and deployment"
"SOFTWARE, MANAGEMENT",Systems development,"Lifecycle, safety, and governance",SLEN,7,Systems and software lifecycle engineering,SLEN_7_01,Set strategic direction for lifecycle engineering,Strategic Task,Alignment with organisational objectives (%),"Applying lifecycle models (e.g. Agile, DevOps, V-model) across development and deployment"
"SOFTWARE, MANAGEMENT",Systems development,"Lifecycle, safety, and governance",SLEN,7,Systems and software lifecycle engineering,SLEN_7_02,Influence enterprise-wide delivery and deployment models,Strategic Task,Adoption of recommended models (%),"Applying lifecycle models (e.g. Agile, DevOps, V-model) across development and deployment"
MANAGEMENT,Systems development,"Lifecycle, safety, and governance",DLMG,4,System development management,DLMG_4_01,Plan and monitor system development activities,Management Task,% of planned activities completed on schedule,"Planning, monitoring, and controlling system development activities and resources"
MANAGEMENT,Systems development,"Lifecycle, safety, and governance",DLMG,4,System development management,DLMG_4_02,Manage development resources and schedules,Management Task,Resource utilization efficiency (%),"Planning, monitoring, and controlling system development activities and resources"
MANAGEMENT,Systems development,"Lifecycle, safety, and governance",DLMG,5,System development management,DLMG_5_01,Lead system development programmes,Leadership Task,Stakeholder approval rate (%),"Planning, monitoring, and controlling system development activities and resources"
MANAGEMENT,Systems development,"Lifecycle, safety, and governance",DLMG,5,System development management,DLMG_5_02,"Manage risks, dependencies, and delivery constraints",Risk Management Task,% of risks mitigated successfully,"Planning, monitoring, and controlling system development activities and resources"
MANAGEMENT,Systems development,"Lifecycle, safety, and governance",DLMG,6,System development management,DLMG_6_01,Define development management frameworks,Governance Task,Adoption of frameworks across teams (%),"Planning, monitoring, and controlling system development activities and resources"
MANAGEMENT,Systems development,"Lifecycle, safety, and governance",DLMG,6,System development management,DLMG_6_02,Govern large-scale development initiatives,Governance Task,Compliance with governance standards (%),"Planning, monitoring, and controlling system development activities and resources"
MANAGEMENT,Systems development,"Lifecycle, safety, and governance",DLMG,7,System development management,DLMG_7_01,Set strategic direction for system development,Strategic Task,Alignment of portfolios with organisational strategy (%),"Planning, monitoring, and controlling system development activities and resources"
MANAGEMENT,Systems development,"Lifecycle, safety, and governance",DLMG,7,System development management,DLMG_7_02,Align development portfolios with organisational strategy,Strategic Task,% of portfolios aligned with strategic objectives,"Planning, monitoring, and controlling system development activities and resources"
MANAGEMENT,Systems development,"Lifecycle, safety, and governance",PROD,2,Product management,PROD_2_01,Support product planning and backlog activities,Planning Task,% of backlog items correctly documented,"Managing product vision, roadmap, prioritisation, and value delivery"
MANAGEMENT,Systems development,"Lifecycle, safety, and governance",PROD,2,Product management,PROD_2_02,Gather and document product requirements,Documentation Task,Completeness and clarity of requirements (%),"Managing product vision, roadmap, prioritisation, and value delivery"
MANAGEMENT,Systems development,"Lifecycle, safety, and governance",PROD,3,Product management,PROD_3_01,Manage product backlog and prioritisation,Management Task,% of backlog prioritisation accuracy,"Managing product vision, roadmap, prioritisation, and value delivery"
MANAGEMENT,Systems development,"Lifecycle, safety, and governance",PROD,3,Product management,PROD_3_02,Coordinate product delivery with stakeholders,Coordination Task,% of deliveries aligned with stakeholder expectations,"Managing product vision, roadmap, prioritisation, and value delivery"
MANAGEMENT,Systems development,"Lifecycle, safety, and governance",PROD,4,Product management,PROD_4_01,Define product roadmap and release plans,Planning Task,Roadmap completeness and approval rate (%),"Managing product vision, roadmap, prioritisation, and value delivery"
MANAGEMENT,Systems development,"Lifecycle, safety, and governance",PROD,4,Product management,PROD_4_02,"Balance value, cost, and delivery constraints",Decision Task,% of decisions meeting value/cost/delivery targets,"Managing product vision, roadmap, prioritisation, and value delivery"
MANAGEMENT,Systems development,"Lifecycle, safety, and governance",PROD,5,Product management,PROD_5_01,Lead product strategy and value delivery,Leadership Task,Stakeholder satisfaction rate (%),"Managing product vision, roadmap, prioritisation, and value delivery"
MANAGEMENT,Systems development,"Lifecycle, safety, and governance",PROD,5,Product management,PROD_5_02,Align product outcomes with business goals,Strategic Task,% of products meeting business objectives,"Managing product vision, roadmap, prioritisation, and value delivery"
MANAGEMENT,Systems development,"Lifecycle, safety, and governance",PROD,6,Product management,PROD_6_01,Set organisational product management standards,Governance Task,Adoption rate of product management standards (%),"Managing product vision, roadmap, prioritisation, and value delivery"
MANAGEMENT,Systems development,"Lifecycle, safety, and governance",PROD,6,Product management,PROD_6_02,Govern product portfolios and investment decisions,Governance Task,Compliance with portfolio governance (%),"Managing product vision, roadmap, prioritisation, and value delivery"
"SAFETY, EMBEDDED",Systems development,"Lifecycle, safety, and governance",SFEN,2,Safety engineering,SFEN_2_01,Apply basic safety engineering principles,Safety Task,% of safety principles correctly applied,Designing systems to prevent hazards and ensure safe operation
"SAFETY, EMBEDDED",Systems development,"Lifecycle, safety, and governance",SFEN,2,Safety engineering,SFEN_2_02,Identify potential system hazards,Analysis Task,# of hazards correctly identified,Designing systems to prevent hazards and ensure safe operation
"SAFETY, EMBEDDED",Systems development,"Lifecycle, safety, and governance",SFEN,3,Safety engineering,SFEN_3_01,Perform hazard analysis and risk identification,Risk Analysis Task,% of hazards analysed and risks documented,Designing systems to prevent hazards and ensure safe operation
"SAFETY, EMBEDDED",Systems development,"Lifecycle, safety, and governance",SFEN,3,Safety engineering,SFEN_3_02,Define safety requirements and controls,Design Task,Completeness of safety requirements (%),Designing systems to prevent hazards and ensure safe operation
"SAFETY, EMBEDDED",Systems development,"Lifecycle, safety, and governance",SFEN,4,Safety engineering,SFEN_4_01,Design systems to mitigate safety risks,Design Task,% of safety risks mitigated in design,Designing systems to prevent hazards and ensure safe operation
"SAFETY, EMBEDDED",Systems development,"Lifecycle, safety, and governance",SFEN,4,Safety engineering,SFEN_4_02,Integrate safety requirements into system designs,Integration Task,% of safety requirements correctly integrated,Designing systems to prevent hazards and ensure safe operation
"SAFETY, EMBEDDED",Systems development,"Lifecycle, safety, and governance",SFEN,5,Safety engineering,SFEN_5_01,Lead system safety engineering activities,Leadership Task,Stakeholder approval rate (%),Designing systems to prevent hazards and ensure safe operation
"SAFETY, EMBEDDED",Systems development,"Lifecycle, safety, and governance",SFEN,5,Safety engineering,SFEN_5_02,Ensure compliance with safety standards,Validation Task,Compliance rate with standards (%),Designing systems to prevent hazards and ensure safe operation
"SAFETY, EMBEDDED",Systems development,"Lifecycle, safety, and governance",SFEN,6,Safety engineering,SFEN_6_01,Define organisational safety engineering strategy,Governance Task,Adoption rate of safety strategy (%),Designing systems to prevent hazards and ensure safe operation
"SAFETY, EMBEDDED",Systems development,"Lifecycle, safety, and governance",SFEN,6,Safety engineering,SFEN_6_02,Govern system safety practices across portfolios,Governance Task,Compliance rate across portfolios (%),Designing systems to prevent hazards and ensure safe operation
SAFETY,Systems development,"Lifecycle, safety, and governance",SFAS,4,Safety assessment,SFAS_4_01,Conduct safety assessments against defined criteria,Assessment Task,% of assessments meeting criteria,Assessing and certifying system safety against standards and regulations
SAFETY,Systems development,"Lifecycle, safety, and governance",SFAS,4,Safety assessment,SFAS_4_02,Document safety evidence and assessment results,Documentation Task,Completeness and accuracy of evidence,Assessing and certifying system safety against standards and regulations
SAFETY,Systems development,"Lifecycle, safety, and governance",SFAS,5,Safety assessment,SFAS_5_01,Lead safety validation and certification activities,Leadership Task,Stakeholder approval of validation (%),Assessing and certifying system safety against standards and regulations
SAFETY,Systems development,"Lifecycle, safety, and governance",SFAS,5,Safety assessment,SFAS_5_02,Assess compliance with safety regulations and standards,Assessment Task,% compliance with regulations,Assessing and certifying system safety against standards and regulations
SAFETY,Systems development,"Lifecycle, safety, and governance",SFAS,6,Safety assessment,SFAS_6_01,Define organisational safety assessment frameworks,Governance Task,Adoption of frameworks across organisation (%),Assessing and certifying system safety against standards and regulations
SAFETY,Systems development,"Lifecycle, safety, and governance",SFAS,6,Safety assessment,SFAS_6_02,Govern safety certification and assurance practices,Governance Task,Compliance with certification and assurance standards (%),Assessing and certifying system safety against standards and regulations
DATA,Data and analytics,Data and analytics,DATM,2,Data management,DATM_2_01,Maintain data records according to defined standards,Task,% of records compliant with standards,"Managing data lifecycle, governance, quality, and accessibility"
DATA,Data and analytics,Data and analytics,DATM,2,Data management,DATM_2_02,Support data quality checks and basic governance tasks,Task,# of quality checks correctly performed,"Managing data lifecycle, governance, quality, and accessibility"
DATA,Data and analytics,Data and analytics,DATM,3,Data management,DATM_3_01,Manage data lifecycle activities,Task,% of lifecycle tasks completed successfully,"Managing data lifecycle, governance, quality, and accessibility"
DATA,Data and analytics,Data and analytics,DATM,3,Data management,DATM_3_02,Apply data governance policies and procedures,Task,% of policies correctly applied,"Managing data lifecycle, governance, quality, and accessibility"
DATA,Data and analytics,Data and analytics,DATM,4,Data management,DATM_4_01,Plan and coordinate data management activities,Management Task,% of activities delivered on schedule,"Managing data lifecycle, governance, quality, and accessibility"
DATA,Data and analytics,Data and analytics,DATM,4,Data management,DATM_4_02,"Ensure data quality, integrity, and accessibility",Review Task,% of datasets meeting quality standards,"Managing data lifecycle, governance, quality, and accessibility"
DATA,Data and analytics,Data and analytics,DATM,5,Data management,DATM_5_01,Lead data governance and stewardship initiatives,Leadership Task,Stakeholder approval rate (%),"Managing data lifecycle, governance, quality, and accessibility"
DATA,Data and analytics,Data and analytics,DATM,5,Data management,DATM_5_02,Define data management standards and controls,Governance Task,Adoption rate of standards (%),"Managing data lifecycle, governance, quality, and accessibility"
DATA,Data and analytics,Data and analytics,DATM,6,Data management,DATM_6_01,Establish organisational data management strategy,Governance Task,% alignment with organisational objectives,"Managing data lifecycle, governance, quality, and accessibility"
DATA,Data and analytics,Data and analytics,DATM,6,Data management,DATM_6_02,Govern enterprise data assets and policies,Governance Task,Compliance rate across enterprise data assets,"Managing data lifecycle, governance, quality, and accessibility"
DATA,Data and analytics,Data and analytics,DTAN,2,Data modelling and design,DTAN_2_01,Produce basic logical data models,Task,Accuracy of logical data models (%),Designing logical and physical data models aligned with system needs
DATA,Data and analytics,Data and analytics,DTAN,2,Data modelling and design,DTAN_2_02,Maintain data definitions and metadata,Task,% of metadata correctly maintained,Designing logical and physical data models aligned with system needs
DATA,Data and analytics,Data and analytics,DTAN,3,Data modelling and design,DTAN_3_01,Design logical and physical data models,Design Task,Quality and completeness of data models (%),Designing logical and physical data models aligned with system needs
DATA,Data and analytics,Data and analytics,DTAN,3,Data modelling and design,DTAN_3_02,Align data structures with application requirements,Review Task,% of alignment with application requirements,Designing logical and physical data models aligned with system needs
DATA,Data and analytics,Data and analytics,DTAN,4,Data modelling and design,DTAN_4_01,Define data architecture standards,Governance Task,Adoption rate of architecture standards (%),Designing logical and physical data models aligned with system needs
DATA,Data and analytics,Data and analytics,DTAN,4,Data modelling and design,DTAN_4_02,Ensure consistency across data models and systems,Review Task,% of models consistent across systems,Designing logical and physical data models aligned with system needs
DATA,Data and analytics,Data and analytics,DTAN,5,Data modelling and design,DTAN_5_01,Lead data modelling and architecture practices,Leadership Task,Stakeholder approval of modelling practices (%),Designing logical and physical data models aligned with system needs
DATA,Data and analytics,Data and analytics,DTAN,5,Data modelling and design,DTAN_5_02,Optimise data architectures for scalability and reuse,Optimization Task,% improvement in architecture scalability and reuse,Designing logical and physical data models aligned with system needs
DATA,Data and analytics,Data and analytics,DAAN,2,Data analytics,DAAN_2_01,Prepare datasets for analysis,Task,% of datasets correctly prepared,Analysing datasets to extract insights and support decision-making
DATA,Data and analytics,Data and analytics,DAAN,2,Data analytics,DAAN_2_02,Perform basic descriptive analysis,Task,Accuracy of descriptive analysis results (%),Analysing datasets to extract insights and support decision-making
DATA,Data and analytics,Data and analytics,DAAN,3,Data analytics,DAAN_3_01,Analyse datasets to identify trends and patterns,Analysis Task,Correct identification of trends/patterns (%),Analysing datasets to extract insights and support decision-making
DATA,Data and analytics,Data and analytics,DAAN,3,Data analytics,DAAN_3_02,Communicate analytical findings,Communication Task,Clarity and completeness of findings (%),Analysing datasets to extract insights and support decision-making
DATA,Data and analytics,Data and analytics,DAAN,4,Data analytics,DAAN_4_01,Design analytical approaches to business problems,Design Task,Appropriateness of analytical approach (%),Analysing datasets to extract insights and support decision-making
DATA,Data and analytics,Data and analytics,DAAN,4,Data analytics,DAAN_4_02,Validate data sources and analytical results,Validation Task,% of sources and results validated successfully,Analysing datasets to extract insights and support decision-making
DATA,Data and analytics,Data and analytics,DAAN,5,Data analytics,DAAN_5_01,Lead analytics initiatives and projects,Leadership Task,Stakeholder satisfaction rate (%),Analysing datasets to extract insights and support decision-making
DATA,Data and analytics,Data and analytics,DAAN,5,Data analytics,DAAN_5_02,Translate business questions into analytical models,Application Task,% of models correctly addressing questions,Analysing datasets to extract insights and support decision-making
DATA,Data and analytics,Data and analytics,DAAN,6,Data analytics,DAAN_6_01,Define organisational analytics strategy,Governance Task,Adoption rate of analytics strategy (%),Analysing datasets to extract insights and support decision-making
DATA,Data and analytics,Data and analytics,DAAN,6,Data analytics,DAAN_6_02,Integrate analytics into decision-making processes,Integration Task,% of decisions informed by analytics,Analysing datasets to extract insights and support decision-making
DATA,Data and analytics,Data and analytics,DAAN,7,Data analytics,DAAN_7_01,Set enterprise-wide analytics vision,Strategic Task,Alignment with enterprise vision (%),Analysing datasets to extract insights and support decision-making
DATA,Data and analytics,Data and analytics,DAAN,7,Data analytics,DAAN_7_02,Influence data-driven culture and investment,Strategic Task,Evidence of culture adoption (%),Analysing datasets to extract insights and support decision-making
"DATA, AI",Data and analytics,Data and analytics,DATS,2,Data science,DATS_2_01,Apply basic statistical techniques,Task,Accuracy of statistical calculations (%),Applying statistical and computational techniques to complex data problems
"DATA, AI",Data and analytics,Data and analytics,DATS,2,Data science,DATS_2_02,Prepare datasets for modelling,Task,% of datasets correctly prepared,Applying statistical and computational techniques to complex data problems
"DATA, AI",Data and analytics,Data and analytics,DATS,3,Data science,DATS_3_01,Build and evaluate analytical models,Task,% of models evaluated with correct metrics,Applying statistical and computational techniques to complex data problems
"DATA, AI",Data and analytics,Data and analytics,DATS,3,Data science,DATS_3_02,Apply exploratory data analysis techniques,Analysis Task,Quality of insights generated (%),Applying statistical and computational techniques to complex data problems
"DATA, AI",Data and analytics,Data and analytics,DATS,4,Data science,DATS_4_01,Develop advanced statistical and predictive models,Design Task,Accuracy and robustness of models (%),Applying statistical and computational techniques to complex data problems
"DATA, AI",Data and analytics,Data and analytics,DATS,4,Data science,DATS_4_02,Validate models and assumptions,Validation Task,% of assumptions validated successfully,Applying statistical and computational techniques to complex data problems
"DATA, AI",Data and analytics,Data and analytics,DATS,5,Data science,DATS_5_01,Lead data science initiatives,Leadership Task,Stakeholder satisfaction rate (%),Applying statistical and computational techniques to complex data problems
"DATA, AI",Data and analytics,Data and analytics,DATS,5,Data science,DATS_5_02,Select and apply appropriate modelling techniques,Decision Task,% of correct modelling techniques applied,Applying statistical and computational techniques to complex data problems
"DATA, AI",Data and analytics,Data and analytics,DATS,6,Data science,DATS_6_01,Define data science strategy and standards,Governance Task,Adoption of standards across teams (%),Applying statistical and computational techniques to complex data problems
"DATA, AI",Data and analytics,Data and analytics,DATS,6,Data science,DATS_6_02,Govern ethical and responsible data science practices,Governance Task,% compliance with ethical standards,Applying statistical and computational techniques to complex data problems
"DATA, AI",Data and analytics,Data and analytics,MLNG,2,Machine learning,MLNG_2_01,Implement basic machine learning models,Task,Accuracy of model implementation (%),"Developing, training, evaluating, and deploying machine learning models"
"DATA, AI",Data and analytics,Data and analytics,MLNG,2,Machine learning,MLNG_2_02,Prepare training and test datasets,Task,% of datasets correctly prepared,"Developing, training, evaluating, and deploying machine learning models"
"DATA, AI",Data and analytics,Data and analytics,MLNG,3,Machine learning,MLNG_3_01,"Train, evaluate, and tune models",Task,Model performance metrics (%),"Developing, training, evaluating, and deploying machine learning models"
"DATA, AI",Data and analytics,Data and analytics,MLNG,3,Machine learning,MLNG_3_02,Apply feature engineering techniques,Task,% of features correctly engineered,"Developing, training, evaluating, and deploying machine learning models"
"DATA, AI",Data and analytics,Data and analytics,MLNG,4,Machine learning,MLNG_4_01,Design ML solutions for defined problems,Design Task,Quality of ML solution (%),"Developing, training, evaluating, and deploying machine learning models"
"DATA, AI",Data and analytics,Data and analytics,MLNG,4,Machine learning,MLNG_4_02,Integrate models into systems and pipelines,Integration Task,% successful integration into systems,"Developing, training, evaluating, and deploying machine learning models"
"DATA, AI",Data and analytics,Data and analytics,MLNG,5,Machine learning,MLNG_5_01,Lead machine learning development efforts,Leadership Task,Stakeholder approval rate (%),"Developing, training, evaluating, and deploying machine learning models"
"DATA, AI",Data and analytics,Data and analytics,MLNG,5,Machine learning,MLNG_5_02,Select ML approaches aligned with business needs,Decision Task,% of approaches aligned with objectives,"Developing, training, evaluating, and deploying machine learning models"
"DATA, AI",Data and analytics,Data and analytics,MLNG,6,Machine learning,MLNG_6_01,Define organisational ML strategy,Governance Task,Adoption of ML strategy across teams (%),"Developing, training, evaluating, and deploying machine learning models"
"DATA, AI",Data and analytics,Data and analytics,MLNG,6,Machine learning,MLNG_6_02,"Govern model lifecycle, ethics, and risk",Governance Task,% compliance with governance and ethics,"Developing, training, evaluating, and deploying machine learning models"
DATA,Data and analytics,Data and analytics,BINT,2,Business intelligence,BINT_2_01,Develop basic reports and dashboards,Task,% of reports and dashboards accurate,"Developing dashboards, reports, and analytics platforms for business users"
DATA,Data and analytics,Data and analytics,BINT,2,Business intelligence,BINT_2_02,Support BI tools and data sources,Task,% of BI support tasks completed successfully,"Developing dashboards, reports, and analytics platforms for business users"
DATA,Data and analytics,Data and analytics,BINT,3,Business intelligence,BINT_3_01,Design dashboards for business users,Design Task,User satisfaction with dashboards (%),"Developing dashboards, reports, and analytics platforms for business users"
DATA,Data and analytics,Data and analytics,BINT,3,Business intelligence,BINT_3_02,Ensure data accuracy and usability,Review Task,% of data accurate and usable,"Developing dashboards, reports, and analytics platforms for business users"
DATA,Data and analytics,Data and analytics,BINT,4,Business intelligence,BINT_4_01,Define BI reporting standards,Governance Task,Adoption of reporting standards (%),"Developing dashboards, reports, and analytics platforms for business users"
DATA,Data and analytics,Data and analytics,BINT,4,Business intelligence,BINT_4_02,Optimise BI platforms and performance,Optimization Task,% improvement in BI platform performance,"Developing dashboards, reports, and analytics platforms for business users"
DATA,Data and analytics,Data and analytics,BINT,5,Business intelligence,BINT_5_01,Lead BI strategy and delivery,Leadership Task,Stakeholder satisfaction rate (%),"Developing dashboards, reports, and analytics platforms for business users"
DATA,Data and analytics,Data and analytics,BINT,5,Business intelligence,BINT_5_02,Align BI solutions with business goals,Strategic Task,% alignment with business objectives,"Developing dashboards, reports, and analytics platforms for business users"
DATA,Data and analytics,Data and analytics,DENG,2,Data engineering,DENG_2_01,Build basic data pipelines and ETL jobs,Task,% of pipelines implemented correctly,"Building data pipelines, ETL processes, and scalable data platforms"
DATA,Data and analytics,Data and analytics,DENG,2,Data engineering,DENG_2_02,Monitor data flows and resolve issues,Task,# of flow issues resolved within SLA,"Building data pipelines, ETL processes, and scalable data platforms"
DATA,Data and analytics,Data and analytics,DENG,3,Data engineering,DENG_3_01,Develop scalable ETL and ingestion processes,Task,Performance and scalability metrics met (%),"Building data pipelines, ETL processes, and scalable data platforms"
DATA,Data and analytics,Data and analytics,DENG,3,Data engineering,DENG_3_02,Ensure data reliability and quality in pipelines,Review Task,% of data accuracy and reliability,"Building data pipelines, ETL processes, and scalable data platforms"
DATA,Data and analytics,Data and analytics,DENG,4,Data engineering,DENG_4_01,Design data platforms and pipeline architectures,Design Task,Completeness and performance of architecture (%),"Building data pipelines, ETL processes, and scalable data platforms"
DATA,Data and analytics,Data and analytics,DENG,4,Data engineering,DENG_4_02,Optimise performance and scalability,Optimization Task,Improvement in processing speed and throughput (%),"Building data pipelines, ETL processes, and scalable data platforms"
DATA,Data and analytics,Data and analytics,DENG,5,Data engineering,DENG_5_01,Lead data engineering initiatives,Leadership Task,Stakeholder satisfaction rate (%),"Building data pipelines, ETL processes, and scalable data platforms"
DATA,Data and analytics,Data and analytics,DENG,5,Data engineering,DENG_5_02,Define data platform standards and tooling,Governance Task,Adoption rate of standards (%),"Building data pipelines, ETL processes, and scalable data platforms"
DATA,Data and analytics,Data and analytics,DENG,6,Data engineering,DENG_6_01,Set organisational data engineering strategy,Governance Task,Alignment of strategy with organisational goals (%),"Building data pipelines, ETL processes, and scalable data platforms"
DATA,Data and analytics,Data and analytics,DENG,6,Data engineering,DENG_6_02,Govern enterprise data platforms,Governance Task,Compliance and uptime metrics (%),"Building data pipelines, ETL processes, and scalable data platforms"
"DATA, UIUX",Data and analytics,Data and analytics,VISL,2,Data visualisation,VISL_2_01,Create basic charts and visualisations,Task,Accuracy and clarity of visuals (%),Designing visual representations of data to support interpretation and insight
"DATA, UIUX",Data and analytics,Data and analytics,VISL,2,Data visualisation,VISL_2_02,Apply visual design guidelines,Task,% adherence to guidelines,Designing visual representations of data to support interpretation and insight
"DATA, UIUX",Data and analytics,Data and analytics,VISL,3,Data visualisation,VISL_3_01,Design visualisations to communicate insights,Design Task,Stakeholder feedback on effectiveness (%),Designing visual representations of data to support interpretation and insight
"DATA, UIUX",Data and analytics,Data and analytics,VISL,3,Data visualisation,VISL_3_02,Select appropriate visual forms for data,Design Task,% of visuals correctly mapped to data type,Designing visual representations of data to support interpretation and insight
"DATA, UIUX",Data and analytics,Data and analytics,VISL,4,Data visualisation,VISL_4_01,Define visual analytics standards,Governance Task,Adoption rate of standards (%),Designing visual representations of data to support interpretation and insight
"DATA, UIUX",Data and analytics,Data and analytics,VISL,4,Data visualisation,VISL_4_02,Ensure accessibility and usability of visuals,Review Task,% compliance with accessibility standards,Designing visual representations of data to support interpretation and insight
"DATA, UIUX",Data and analytics,Data and analytics,VISL,5,Data visualisation,VISL_5_01,Lead visual analytics strategy,Leadership Task,Stakeholder satisfaction (%),Designing visual representations of data to support interpretation and insight
"DATA, UIUX",Data and analytics,Data and analytics,VISL,5,Data visualisation,VISL_5_02,Influence data storytelling practices,Strategic Task,Evidence of improved insights adoption (%),Designing visual representations of data to support interpretation and insight
UIUX,User centred design,User centred design,URCH,2,User research,URCH_2_01,"Collect user data using interviews, surveys, and observation",Task,# of user insights correctly captured,Collecting qualitative and quantitative user insights to inform design
UIUX,User centred design,User centred design,URCH,2,User research,URCH_2_02,Document user needs and research findings,Task,Completeness and clarity of documentation (%),Collecting qualitative and quantitative user insights to inform design
UIUX,User centred design,User centred design,URCH,3,User research,URCH_3_01,Plan and conduct structured user research activities,Task,Research plan execution rate (%),Collecting qualitative and quantitative user insights to inform design
UIUX,User centred design,User centred design,URCH,3,User research,URCH_3_02,Analyse qualitative and quantitative user data,Analysis Task,Accuracy of research analysis (%),Collecting qualitative and quantitative user insights to inform design
UIUX,User centred design,User centred design,URCH,4,User research,URCH_4_01,Select appropriate research methods to inform design decisions,Design Task,% of methods correctly applied,Collecting qualitative and quantitative user insights to inform design
UIUX,User centred design,User centred design,URCH,4,User research,URCH_4_02,Translate research insights into actionable requirements,Task,# of actionable requirements generated,Collecting qualitative and quantitative user insights to inform design
UIUX,User centred design,User centred design,URCH,5,User research,URCH_5_01,Define user research strategy aligned with business goals,Governance Task,Alignment of strategy with business objectives (%),Collecting qualitative and quantitative user insights to inform design
UIUX,User centred design,User centred design,URCH,6,User research,URCH_6_01,Lead organisational user research capability and practice,Leadership Task,Stakeholder satisfaction rate (%),Collecting qualitative and quantitative user insights to inform design
UIUX,User centred design,User centred design,CEXP,2,Customer experience,CEXP_2_01,Map basic user journeys and touchpoints,Task,% of journeys accurately mapped,Designing end-to-end customer journeys and service experiences
UIUX,User centred design,User centred design,CEXP,3,Customer experience,CEXP_3_01,Analyse end-to-end customer experiences,Analysis Task,% of insights correctly identified,Designing end-to-end customer journeys and service experiences
UIUX,User centred design,User centred design,CEXP,3,Customer experience,CEXP_3_02,Identify experience gaps and improvement opportunities,Analysis Task,# of gaps accurately documented,Designing end-to-end customer journeys and service experiences
UIUX,User centred design,User centred design,CEXP,4,Customer experience,CEXP_4_01,Design coherent service and experience strategies,Design Task,Stakeholder approval rate (%),Designing end-to-end customer journeys and service experiences
UIUX,User centred design,User centred design,CEXP,5,Customer experience,CEXP_5_01,Align experience strategy with brand and organisational goals,Governance Task,Alignment with strategic objectives (%),Designing end-to-end customer journeys and service experiences
UIUX,User centred design,User centred design,CEXP,6,Customer experience,CEXP_6_01,Define enterprise-wide customer experience vision,Strategic Task,Evidence of adoption across enterprise (%),Designing end-to-end customer journeys and service experiences
UIUX,User centred design,User centred design,ACIN,2,Accessibility and inclusion,ACIN_2_01,Apply basic accessibility guidelines in designs,Task,% of designs compliant with guidelines,Ensuring systems are usable by people with diverse abilities and needs
UIUX,User centred design,User centred design,ACIN,3,Accessibility and inclusion,ACIN_3_01,Evaluate designs against accessibility standards,Review Task,% of designs passing accessibility checks,Ensuring systems are usable by people with diverse abilities and needs
UIUX,User centred design,User centred design,ACIN,4,Accessibility and inclusion,ACIN_4_01,Integrate inclusive design principles into solutions,Design Task,% of solutions meeting inclusive criteria,Ensuring systems are usable by people with diverse abilities and needs
UIUX,User centred design,User centred design,ACIN,4,Accessibility and inclusion,ACIN_4_02,Recommend improvements for accessibility compliance,Task,# of actionable recommendations implemented,Ensuring systems are usable by people with diverse abilities and needs
UIUX,User centred design,User centred design,ACIN,5,Accessibility and inclusion,ACIN_5_01,Define accessibility strategies and policies,Governance Task,Adoption of strategies (%),Ensuring systems are usable by people with diverse abilities and needs
UIUX,User centred design,User centred design,ACIN,6,Accessibility and inclusion,ACIN_6_01,Champion inclusive design at organisational level,Leadership Task,Evidence of cultural adoption (%),Ensuring systems are usable by people with diverse abilities and needs
UIUX,User centred design,User centred design,UNAN,2,User experience analysis,UNAN_2_01,Identify usability issues from user feedback,Task,# of issues correctly identified,"Analysing user behaviour, usability issues, and interaction patterns"
UIUX,User centred design,User centred design,UNAN,3,User experience analysis,UNAN_3_01,Analyse user behaviour and interaction patterns,Analysis Task,% of patterns accurately identified,"Analysing user behaviour, usability issues, and interaction patterns"
UIUX,User centred design,User centred design,UNAN,4,User experience analysis,UNAN_4_01,Conduct structured usability and experience analysis,Task,Completeness of usability analysis (%),"Analysing user behaviour, usability issues, and interaction patterns"
UIUX,User centred design,User centred design,UNAN,5,User experience analysis,UNAN_5_01,Lead UX analysis to inform strategic design decisions,Leadership Task,Stakeholder approval (%),"Analysing user behaviour, usability issues, and interaction patterns"
UIUX,User centred design,User centred design,HCEV,2,User experience design,HCEV_2_01,Design basic interface elements and interactions,Task,% of interfaces meeting requirements,"Designing interfaces, interactions, and workflows"
UIUX,User centred design,User centred design,HCEV,3,User experience design,HCEV_3_01,Create wireframes and interaction flows,Design Task,Accuracy of wireframes (%),"Designing interfaces, interactions, and workflows"
UIUX,User centred design,User centred design,HCEV,4,User experience design,HCEV_4_01,Design end-to-end user interactions and workflows,Design Task,Completeness of workflows (%),"Designing interfaces, interactions, and workflows"
UIUX,User centred design,User centred design,HCEV,4,User experience design,HCEV_4_02,Apply usability and accessibility principles,Review Task,% compliance with principles,"Designing interfaces, interactions, and workflows"
UIUX,User centred design,User centred design,HCEV,5,User experience design,HCEV_5_01,Define interaction design standards and patterns,Governance Task,Adoption rate of standards (%),"Designing interfaces, interactions, and workflows"
UIUX,User centred design,User centred design,HCEV,6,User experience design,HCEV_6_01,Lead organisational interaction design strategy,Leadership Task,Stakeholder satisfaction rate (%),"Designing interfaces, interactions, and workflows"
UIUX,User centred design,User centred design,USEV,2,User experience evaluation,USEV_2_01,Support usability testing activities,Task,% of tests executed correctly,Evaluating designs through usability testing and feedback
UIUX,User centred design,User centred design,USEV,3,User experience evaluation,USEV_3_01,Conduct usability tests and gather feedback,Task,Completeness and accuracy of test feedback (%),Evaluating designs through usability testing and feedback
UIUX,User centred design,User centred design,USEV,4,User experience evaluation,USEV_4_01,Analyse evaluation results and recommend changes,Analysis Task,% of recommendations implemented,Evaluating designs through usability testing and feedback
UIUX,User centred design,User centred design,USEV,5,User experience evaluation,USEV_5_01,Plan and manage UX evaluation programmes,Leadership Task,% of evaluation goals achieved,Evaluating designs through usability testing and feedback
UIUX,User centred design,User centred design,USEV,6,User experience evaluation,USEV_6_01,Define evaluation frameworks and success metrics,Governance Task,Adoption of frameworks (%),Evaluating designs through usability testing and feedback
"CONTENT, UIUX",Content management,Content management,INCA,1,Content design and authoring,INCA_1_01,Create simple digital content following templates,Task,% of content meeting template standards,"Creating structured, user-focused digital content"
"CONTENT, UIUX",Content management,Content management,INCA,2,Content design and authoring,INCA_2_01,"Write clear, structured user-focused content",Task,% clarity and completeness of content,"Creating structured, user-focused digital content"
"CONTENT, UIUX",Content management,Content management,INCA,3,Content design and authoring,INCA_3_01,Design content structures and information hierarchy,Design Task,Stakeholder approval of structure (%),"Creating structured, user-focused digital content"
"CONTENT, UIUX",Content management,Content management,INCA,4,Content design and authoring,INCA_4_01,Apply content standards and tone of voice,Review Task,% adherence to content standards,"Creating structured, user-focused digital content"
"CONTENT, UIUX",Content management,Content management,INCA,5,Content design and authoring,INCA_5_01,Define content strategy and governance,Governance Task,Adoption of content strategy (%),"Creating structured, user-focused digital content"
"CONTENT, UIUX",Content management,Content management,INCA,6,Content design and authoring,INCA_6_01,Lead organisational content design capability,Leadership Task,Stakeholder satisfaction rate (%),"Creating structured, user-focused digital content"
CONTENT,Content management,Content management,KNOW,2,Knowledge management,KNOW_2_01,Capture and organise knowledge assets,Task,% of assets correctly documented,"Capturing, structuring, and sharing organisational knowledge"
CONTENT,Content management,Content management,KNOW,3,Knowledge management,KNOW_3_01,Maintain knowledge repositories and taxonomies,Task,% of repositories up-to-date,"Capturing, structuring, and sharing organisational knowledge"
CONTENT,Content management,Content management,KNOW,4,Knowledge management,KNOW_4_01,Design knowledge sharing processes,Design Task,Stakeholder adoption rate (%),"Capturing, structuring, and sharing organisational knowledge"
CONTENT,Content management,Content management,KNOW,5,Knowledge management,KNOW_5_01,Define organisational knowledge management strategy,Governance Task,Alignment with organisational goals (%),"Capturing, structuring, and sharing organisational knowledge"
CONTENT,Content management,Content management,KNOW,6,Knowledge management,KNOW_6_01,Integrate knowledge systems across functions,Strategic Task,# of systems successfully integrated,"Capturing, structuring, and sharing organisational knowledge"
CONTENT,Content management,Content management,KNOW,7,Knowledge management,KNOW_7_01,Set enterprise-wide knowledge governance,Leadership Task,Compliance with governance framework (%),"Capturing, structuring, and sharing organisational knowledge"
UIUX,Content management,Content management,GRDN,1,Graphic design,GRDN_1_01,Create basic visual assets,Task,% of assets meeting quality standards,"Designing visual assets, branding, and graphical elements"
UIUX,Content management,Content management,GRDN,2,Graphic design,GRDN_2_01,Design graphics following brand guidelines,Task,% adherence to brand guidelines,"Designing visual assets, branding, and graphical elements"
UIUX,Content management,Content management,GRDN,3,Graphic design,GRDN_3_01,Produce consistent visual designs across products,Review Task,Consistency score across designs (%),"Designing visual assets, branding, and graphical elements"
UIUX,Content management,Content management,GRDN,4,Graphic design,GRDN_4_01,Develop visual design systems,Design Task,Completeness and usability of design system (%),"Designing visual assets, branding, and graphical elements"
UIUX,Content management,Content management,GRDN,5,Graphic design,GRDN_5_01,Define organisational visual identity,Governance Task,Stakeholder adoption rate (%),"Designing visual assets, branding, and graphical elements"
"SCIENCE, DATA",Computational science,Computational science,SCMO,4,Scientic modelling,SCMO_4_01,Develop computational models of systems,Task,Accuracy of model predictions (%),Developing mathematical and simulation models of real-world systems
"SCIENCE, DATA",Computational science,Computational science,SCMO,5,Scientic modelling,SCMO_5_01,Validate and refine simulation models,Review Task,% of models validated successfully,Developing mathematical and simulation models of real-world systems
"SCIENCE, DATA",Computational science,Computational science,SCMO,6,Scientic modelling,SCMO_6_01,Lead complex modelling initiatives,Leadership Task,Stakeholder satisfaction rate (%),Developing mathematical and simulation models of real-world systems
"SCIENCE, DATA",Computational science,Computational science,SCMO,7,Scientic modelling,SCMO_7_01,Define modelling standards and research direction,Governance Task,Adoption of standards (%),Developing mathematical and simulation models of real-world systems
"SCIENCE, DATA",Computational science,Computational science,NUAN,4,Numerical analysis,NUAN_4_01,Apply numerical methods to solve problems,Task,Accuracy of numerical solutions (%),Applying numerical methods to solve complex mathematical problems
"SCIENCE, DATA",Computational science,Computational science,NUAN,5,Numerical analysis,NUAN_5_01,Optimise numerical algorithms,Optimization Task,Improvement in computational efficiency (%),Applying numerical methods to solve complex mathematical problems
"SCIENCE, DATA",Computational science,Computational science,NUAN,6,Numerical analysis,NUAN_6_01,Lead numerical analysis for complex systems,Leadership Task,Success rate of analyses (%),Applying numerical methods to solve complex mathematical problems
"SCIENCE, DATA",Computational science,Computational science,NUAN,7,Numerical analysis,NUAN_7_01,Define organisational numerical computation strategy,Strategic Task,Alignment with organisational objectives (%),Applying numerical methods to solve complex mathematical problems
"SCIENCE, CLOUD",Computational science,Computational science,HPCC,4,High-performance computing,HPCC_4_01,Develop software for parallel execution,Task,% of code executing correctly in parallel,Developing and optimising software for parallel and high-performance systems
"SCIENCE, CLOUD",Computational science,Computational science,HPCC,5,High-performance computing,HPCC_5_01,Optimise applications for high-performance systems,Optimization Task,Performance improvement (%),Developing and optimising software for parallel and high-performance systems
"SCIENCE, CLOUD",Computational science,Computational science,HPCC,6,High-performance computing,HPCC_6_01,Architect scalable and HPC solutions,Design Task,Scalability and reliability metrics met (%),Developing and optimising software for parallel and high-performance systems
"SCIENCE, CLOUD",Computational science,Computational science,HPCC,7,High-performance computing,HPCC_7_01,Define enterprise HPC strategy and capability,Strategic Task,Stakeholder adoption rate (%),Developing and optimising software for parallel and high-performance systems
